node1,node2,similarity
108-31-6,107-13-1,0.0
108-31-6,100-39-0,0.074
108-31-6,24424-99-5,0.034
108-31-6,106-95-6,0.0
108-31-6,75-56-9,0.05
108-31-6,407-25-0,0.038
108-31-6,122-04-3,0.118
108-31-6,4530-20-5,0.027
108-31-6,100-07-2,0.088
108-31-6,96-32-2,0.038
108-31-6,62996-74-1,0.053
108-31-6,122-01-0,0.1
108-31-6,1885-14-9,0.091
108-31-6,57-06-7,0.0
108-31-6,403-43-0,0.097
108-31-6,609-65-4,0.094
108-31-6,618-46-2,0.088
108-31-6,99-33-2,0.086
108-31-6,121-90-4,0.073
108-31-6,1436-34-6,0.032
108-31-6,5445-17-0,0.037
108-31-6,1711-07-5,0.086
108-31-6,120685-11-2,0.046
108-31-6,7377-26-6,0.086
108-31-6,2404-44-6,0.027
108-31-6,3234-28-4,0.027
108-31-6,84468-15-5,0.064
108-31-6,120685-17-8,0.046
108-31-6,120685-10-1,0.045
108-31-6,120685-20-3,0.047
108-31-6,120685-18-9,0.043
108-31-6,120685-13-4,0.047
108-31-6,120685-12-3,0.047
108-31-6,120685-22-5,0.048
108-31-6,120685-15-6,0.042
108-31-6,120685-44-1,0.045
108-31-6,120685-16-7,0.043
108-31-6,120685-14-5,0.045
108-31-6,120685-45-2,0.046
108-31-6,120685-33-8,0.05
108-31-6,120685-27-0,0.051
108-31-6,120685-21-4,0.048
108-31-6,120685-47-4,0.045
108-31-6,120685-46-3,0.053
108-31-6,120685-39-4,0.043
108-31-6,120685-38-3,0.049
108-31-6,120685-37-2,0.045
108-31-6,120685-24-7,0.047
108-31-6,120685-50-9,0.049
108-31-6,120685-43-0,0.045
108-31-6,120685-42-9,0.045
108-31-6,120685-41-8,0.043
108-31-6,120685-35-0,0.05
108-31-6,120685-32-7,0.046
108-31-6,120685-29-2,0.044
108-31-6,120685-49-6,0.047
108-31-6,120685-48-5,0.046
108-31-6,120685-40-7,0.047
108-31-6,120685-36-1,0.045
108-31-6,120685-34-9,0.04
108-31-6,120685-31-6,0.042
108-31-6,120685-30-5,0.042
108-31-6,120685-25-8,0.048
108-31-6,120685-23-6,0.047
108-31-6,120685-19-0,0.053
108-31-6,120751-44-2,0.045
108-31-6,120685-26-9,0.052
108-31-6,120685-28-1,0.05
107-13-1,100-39-0,0.0
107-13-1,24424-99-5,0.0
107-13-1,106-95-6,0.2
107-13-1,75-56-9,0.0
107-13-1,407-25-0,0.0
107-13-1,122-04-3,0.0
107-13-1,4530-20-5,0.0
107-13-1,100-07-2,0.0
107-13-1,96-32-2,0.0
107-13-1,62996-74-1,0.01
107-13-1,122-01-0,0.0
107-13-1,1885-14-9,0.0
107-13-1,57-06-7,0.182
107-13-1,403-43-0,0.0
107-13-1,609-65-4,0.0
107-13-1,618-46-2,0.0
107-13-1,99-33-2,0.0
107-13-1,121-90-4,0.0
107-13-1,1436-34-6,0.0
107-13-1,5445-17-0,0.0
107-13-1,1711-07-5,0.0
107-13-1,120685-11-2,0.0
107-13-1,7377-26-6,0.0
107-13-1,2404-44-6,0.0
107-13-1,3234-28-4,0.0
107-13-1,84468-15-5,0.0
107-13-1,120685-17-8,0.0
107-13-1,120685-10-1,0.0
107-13-1,120685-20-3,0.0
107-13-1,120685-18-9,0.0
107-13-1,120685-13-4,0.0
107-13-1,120685-12-3,0.009
107-13-1,120685-22-5,0.0
107-13-1,120685-15-6,0.0
107-13-1,120685-44-1,0.0
107-13-1,120685-16-7,0.0
107-13-1,120685-14-5,0.0
107-13-1,120685-45-2,0.0
107-13-1,120685-33-8,0.0
107-13-1,120685-27-0,0.0
107-13-1,120685-21-4,0.0
107-13-1,120685-47-4,0.0
107-13-1,120685-46-3,0.0
107-13-1,120685-39-4,0.026
107-13-1,120685-38-3,0.0
107-13-1,120685-37-2,0.0
107-13-1,120685-24-7,0.0
107-13-1,120685-50-9,0.01
107-13-1,120685-43-0,0.0
107-13-1,120685-42-9,0.0
107-13-1,120685-41-8,0.0
107-13-1,120685-35-0,0.0
107-13-1,120685-32-7,0.028
107-13-1,120685-29-2,0.0
107-13-1,120685-49-6,0.0
107-13-1,120685-48-5,0.0
107-13-1,120685-40-7,0.0
107-13-1,120685-36-1,0.0
107-13-1,120685-34-9,0.0
107-13-1,120685-31-6,0.0
107-13-1,120685-30-5,0.0
107-13-1,120685-25-8,0.029
107-13-1,120685-23-6,0.0
107-13-1,120685-19-0,0.0
107-13-1,120751-44-2,0.0
107-13-1,120685-26-9,0.0
107-13-1,120685-28-1,0.0
100-39-0,24424-99-5,0.0
100-39-0,106-95-6,0.13
100-39-0,75-56-9,0.0
100-39-0,407-25-0,0.0
100-39-0,122-04-3,0.075
100-39-0,4530-20-5,0.049
100-39-0,100-07-2,0.077
100-39-0,96-32-2,0.103
100-39-0,62996-74-1,0.05
100-39-0,122-01-0,0.086
100-39-0,1885-14-9,0.206
100-39-0,57-06-7,0.03
100-39-0,403-43-0,0.083
100-39-0,609-65-4,0.143
100-39-0,618-46-2,0.105
100-39-0,99-33-2,0.049
100-39-0,121-90-4,0.089
100-39-0,1436-34-6,0.028
100-39-0,5445-17-0,0.031
100-39-0,1711-07-5,0.103
100-39-0,120685-11-2,0.063
100-39-0,7377-26-6,0.075
100-39-0,2404-44-6,0.024
100-39-0,3234-28-4,0.024
100-39-0,84468-15-5,0.078
100-39-0,120685-17-8,0.044
100-39-0,120685-10-1,0.062
100-39-0,120685-20-3,0.055
100-39-0,120685-18-9,0.042
100-39-0,120685-13-4,0.045
100-39-0,120685-12-3,0.045
100-39-0,120685-22-5,0.065
100-39-0,120685-15-6,0.04
100-39-0,120685-44-1,0.043
100-39-0,120685-16-7,0.042
100-39-0,120685-14-5,0.061
100-39-0,120685-45-2,0.044
100-39-0,120685-33-8,0.047
100-39-0,120685-27-0,0.058
100-39-0,120685-21-4,0.056
100-39-0,120685-47-4,0.043
100-39-0,120685-46-3,0.042
100-39-0,120685-39-4,0.059
100-39-0,120685-38-3,0.046
100-39-0,120685-37-2,0.061
100-39-0,120685-24-7,0.104
100-39-0,120685-50-9,0.066
100-39-0,120685-43-0,0.043
100-39-0,120685-42-9,0.043
100-39-0,120685-41-8,0.042
100-39-0,120685-35-0,0.048
100-39-0,120685-32-7,0.054
100-39-0,120685-29-2,0.051
100-39-0,120685-49-6,0.055
100-39-0,120685-48-5,0.063
100-39-0,120685-40-7,0.045
100-39-0,120685-36-1,0.043
100-39-0,120685-34-9,0.039
100-39-0,120685-31-6,0.049
100-39-0,120685-30-5,0.049
100-39-0,120685-25-8,0.056
100-39-0,120685-23-6,0.045
100-39-0,120685-19-0,0.042
100-39-0,120751-44-2,0.052
100-39-0,120685-26-9,0.05
100-39-0,120685-28-1,0.058
24424-99-5,106-95-6,0.0
24424-99-5,75-56-9,0.08
24424-99-5,407-25-0,0.222
24424-99-5,122-04-3,0.073
24424-99-5,4530-20-5,0.294
24424-99-5,100-07-2,0.132
24424-99-5,96-32-2,0.179
24424-99-5,62996-74-1,0.039
24424-99-5,122-01-0,0.083
24424-99-5,1885-14-9,0.105
24424-99-5,57-06-7,0.0
24424-99-5,403-43-0,0.081
24424-99-5,609-65-4,0.108
24424-99-5,618-46-2,0.075
24424-99-5,99-33-2,0.073
24424-99-5,121-90-4,0.064
24424-99-5,1436-34-6,0.056
24424-99-5,5445-17-0,0.172
24424-99-5,1711-07-5,0.073
24424-99-5,120685-11-2,0.053
24424-99-5,7377-26-6,0.128
24424-99-5,2404-44-6,0.048
24424-99-5,3234-28-4,0.048
24424-99-5,84468-15-5,0.037
24424-99-5,120685-17-8,0.102
24424-99-5,120685-10-1,0.052
24424-99-5,120685-20-3,0.064
24424-99-5,120685-18-9,0.05
24424-99-5,120685-13-4,0.045
24424-99-5,120685-12-3,0.064
24424-99-5,120685-22-5,0.055
24424-99-5,120685-15-6,0.048
24424-99-5,120685-44-1,0.052
24424-99-5,120685-16-7,0.05
24424-99-5,120685-14-5,0.051
24424-99-5,120685-45-2,0.053
24424-99-5,120685-33-8,0.057
24424-99-5,120685-27-0,0.038
24424-99-5,120685-21-4,0.055
24424-99-5,120685-47-4,0.051
24424-99-5,120685-46-3,0.05
24424-99-5,120685-39-4,0.041
24424-99-5,120685-38-3,0.056
24424-99-5,120685-37-2,0.051
24424-99-5,120685-24-7,0.035
24424-99-5,120685-50-9,0.036
24424-99-5,120685-43-0,0.052
24424-99-5,120685-42-9,0.051
24424-99-5,120685-41-8,0.05
24424-99-5,120685-35-0,0.037
24424-99-5,120685-32-7,0.035
24424-99-5,120685-29-2,0.042
24424-99-5,120685-49-6,0.045
24424-99-5,120685-48-5,0.044
24424-99-5,120685-40-7,0.064
24424-99-5,120685-36-1,0.034
24424-99-5,120685-34-9,0.038
24424-99-5,120685-31-6,0.04
24424-99-5,120685-30-5,0.04
24424-99-5,120685-25-8,0.045
24424-99-5,120685-23-6,0.054
24424-99-5,120685-19-0,0.096
24424-99-5,120751-44-2,0.052
24424-99-5,120685-26-9,0.039
24424-99-5,120685-28-1,0.037
106-95-6,75-56-9,0.0
106-95-6,407-25-0,0.0
106-95-6,122-04-3,0.0
106-95-6,4530-20-5,0.061
106-95-6,100-07-2,0.0
106-95-6,96-32-2,0.143
106-95-6,62996-74-1,0.01
106-95-6,122-01-0,0.0
106-95-6,1885-14-9,0.0
106-95-6,57-06-7,0.238
106-95-6,403-43-0,0.0
106-95-6,609-65-4,0.0
106-95-6,618-46-2,0.0
106-95-6,99-33-2,0.0
106-95-6,121-90-4,0.0
106-95-6,1436-34-6,0.036
106-95-6,5445-17-0,0.042
106-95-6,1711-07-5,0.0
106-95-6,120685-11-2,0.0
106-95-6,7377-26-6,0.0
106-95-6,2404-44-6,0.029
106-95-6,3234-28-4,0.029
106-95-6,84468-15-5,0.0
106-95-6,120685-17-8,0.0
106-95-6,120685-10-1,0.009
106-95-6,120685-20-3,0.009
106-95-6,120685-18-9,0.0
106-95-6,120685-13-4,0.0
106-95-6,120685-12-3,0.0
106-95-6,120685-22-5,0.009
106-95-6,120685-15-6,0.0
106-95-6,120685-44-1,0.0
106-95-6,120685-16-7,0.0
106-95-6,120685-14-5,0.0
106-95-6,120685-45-2,0.0
106-95-6,120685-33-8,0.0
106-95-6,120685-27-0,0.01
106-95-6,120685-21-4,0.01
106-95-6,120685-47-4,0.0
106-95-6,120685-46-3,0.0
106-95-6,120685-39-4,0.045
106-95-6,120685-38-3,0.0
106-95-6,120685-37-2,0.0
106-95-6,120685-24-7,0.009
106-95-6,120685-50-9,0.01
106-95-6,120685-43-0,0.0
106-95-6,120685-42-9,0.0
106-95-6,120685-41-8,0.0
106-95-6,120685-35-0,0.0
106-95-6,120685-32-7,0.009
106-95-6,120685-29-2,0.009
106-95-6,120685-49-6,0.009
106-95-6,120685-48-5,0.0
106-95-6,120685-40-7,0.0
106-95-6,120685-36-1,0.0
106-95-6,120685-34-9,0.0
106-95-6,120685-31-6,0.008
106-95-6,120685-30-5,0.008
106-95-6,120685-25-8,0.05
106-95-6,120685-23-6,0.0
106-95-6,120685-19-0,0.0
106-95-6,120751-44-2,0.0
106-95-6,120685-26-9,0.0
106-95-6,120685-28-1,0.01
75-56-9,407-25-0,0.0
75-56-9,122-04-3,0.0
75-56-9,4530-20-5,0.029
75-56-9,100-07-2,0.03
75-56-9,96-32-2,0.043
75-56-9,62996-74-1,0.043
75-56-9,122-01-0,0.034
75-56-9,1885-14-9,0.0
75-56-9,57-06-7,0.0
75-56-9,403-43-0,0.0
75-56-9,609-65-4,0.0
75-56-9,618-46-2,0.03
75-56-9,99-33-2,0.0
75-56-9,121-90-4,0.0
75-56-9,1436-34-6,0.261
75-56-9,5445-17-0,0.042
75-56-9,1711-07-5,0.0
75-56-9,120685-11-2,0.038
75-56-9,7377-26-6,0.029
75-56-9,2404-44-6,0.207
75-56-9,3234-28-4,0.207
75-56-9,84468-15-5,0.0
75-56-9,120685-17-8,0.038
75-56-9,120685-10-1,0.037
75-56-9,120685-20-3,0.038
75-56-9,120685-18-9,0.035
75-56-9,120685-13-4,0.038
75-56-9,120685-12-3,0.038
75-56-9,120685-22-5,0.039
75-56-9,120685-15-6,0.034
75-56-9,120685-44-1,0.037
75-56-9,120685-16-7,0.035
75-56-9,120685-14-5,0.036
75-56-9,120685-45-2,0.047
75-56-9,120685-33-8,0.04
75-56-9,120685-27-0,0.041
75-56-9,120685-21-4,0.039
75-56-9,120685-47-4,0.036
75-56-9,120685-46-3,0.036
75-56-9,120685-39-4,0.035
75-56-9,120685-38-3,0.04
75-56-9,120685-37-2,0.036
75-56-9,120685-24-7,0.038
75-56-9,120685-50-9,0.04
75-56-9,120685-43-0,0.037
75-56-9,120685-42-9,0.036
75-56-9,120685-41-8,0.045
75-56-9,120685-35-0,0.041
75-56-9,120685-32-7,0.038
75-56-9,120685-29-2,0.036
75-56-9,120685-49-6,0.038
75-56-9,120685-48-5,0.038
75-56-9,120685-40-7,0.038
75-56-9,120685-36-1,0.037
75-56-9,120685-34-9,0.033
75-56-9,120685-31-6,0.034
75-56-9,120685-30-5,0.034
75-56-9,120685-25-8,0.039
75-56-9,120685-23-6,0.038
75-56-9,120685-19-0,0.035
75-56-9,120751-44-2,0.037
75-56-9,120685-26-9,0.043
75-56-9,120685-28-1,0.041
407-25-0,122-04-3,0.079
407-25-0,4530-20-5,0.139
407-25-0,100-07-2,0.111
407-25-0,96-32-2,0.154
407-25-0,62996-74-1,0.02
407-25-0,122-01-0,0.091
407-25-0,1885-14-9,0.114
407-25-0,57-06-7,0.0
407-25-0,403-43-0,0.121
407-25-0,609-65-4,0.086
407-25-0,618-46-2,0.081
407-25-0,99-33-2,0.079
407-25-0,121-90-4,0.068
407-25-0,1436-34-6,0.0
407-25-0,5445-17-0,0.148
407-25-0,1711-07-5,0.108
407-25-0,120685-11-2,0.045
407-25-0,7377-26-6,0.139
407-25-0,2404-44-6,0.0
407-25-0,3234-28-4,0.0
407-25-0,84468-15-5,0.019
407-25-0,120685-17-8,0.045
407-25-0,120685-10-1,0.035
407-25-0,120685-20-3,0.036
407-25-0,120685-18-9,0.034
407-25-0,120685-13-4,0.027
407-25-0,120685-12-3,0.075
407-25-0,120685-22-5,0.037
407-25-0,120685-15-6,0.041
407-25-0,120685-44-1,0.044
407-25-0,120685-16-7,0.051
407-25-0,120685-14-5,0.034
407-25-0,120685-45-2,0.035
407-25-0,120685-33-8,0.038
407-25-0,120685-27-0,0.019
407-25-0,120685-21-4,0.037
407-25-0,120685-47-4,0.034
407-25-0,120685-46-3,0.034
407-25-0,120685-39-4,0.025
407-25-0,120685-38-3,0.037
407-25-0,120685-37-2,0.034
407-25-0,120685-24-7,0.018
407-25-0,120685-50-9,0.018
407-25-0,120685-43-0,0.035
407-25-0,120685-42-9,0.034
407-25-0,120685-41-8,0.042
407-25-0,120685-35-0,0.019
407-25-0,120685-32-7,0.018
407-25-0,120685-29-2,0.025
407-25-0,120685-49-6,0.027
407-25-0,120685-48-5,0.027
407-25-0,120685-40-7,0.046
407-25-0,120685-36-1,0.017
407-25-0,120685-34-9,0.023
407-25-0,120685-31-6,0.024
407-25-0,120685-30-5,0.024
407-25-0,120685-25-8,0.028
407-25-0,120685-23-6,0.036
407-25-0,120685-19-0,0.042
407-25-0,120751-44-2,0.035
407-25-0,120685-26-9,0.02
407-25-0,120685-28-1,0.019
122-04-3,4530-20-5,0.061
122-04-3,100-07-2,0.378
122-04-3,96-32-2,0.079
122-04-3,62996-74-1,0.065
122-04-3,122-01-0,0.424
122-04-3,1885-14-9,0.19
122-04-3,57-06-7,0.0
122-04-3,403-43-0,0.412
122-04-3,609-65-4,0.225
122-04-3,618-46-2,0.275
122-04-3,99-33-2,0.486
122-04-3,121-90-4,0.45
122-04-3,1436-34-6,0.0
122-04-3,5445-17-0,0.077
122-04-3,1711-07-5,0.268
122-04-3,120685-11-2,0.085
122-04-3,7377-26-6,0.368
122-04-3,2404-44-6,0.0
122-04-3,3234-28-4,0.0
122-04-3,84468-15-5,0.085
122-04-3,120685-17-8,0.067
122-04-3,120685-10-1,0.066
122-04-3,120685-20-3,0.068
122-04-3,120685-18-9,0.136
122-04-3,120685-13-4,0.059
122-04-3,120685-12-3,0.068
122-04-3,120685-22-5,0.069
122-04-3,120685-15-6,0.13
122-04-3,120685-44-1,0.092
122-04-3,120685-16-7,0.081
122-04-3,120685-14-5,0.065
122-04-3,120685-45-2,0.094
122-04-3,120685-33-8,0.071
122-04-3,120685-27-0,0.054
122-04-3,120685-21-4,0.07
122-04-3,120685-47-4,0.092
122-04-3,120685-46-3,0.188
122-04-3,120685-39-4,0.055
122-04-3,120685-38-3,0.07
122-04-3,120685-37-2,0.065
122-04-3,120685-24-7,0.05
122-04-3,120685-50-9,0.052
122-04-3,120685-43-0,0.093
122-04-3,120685-42-9,0.074
122-04-3,120685-41-8,0.081
122-04-3,120685-35-0,0.053
122-04-3,120685-32-7,0.05
122-04-3,120685-29-2,0.064
122-04-3,120685-49-6,0.059
122-04-3,120685-48-5,0.067
122-04-3,120685-40-7,0.078
122-04-3,120685-36-1,0.057
122-04-3,120685-34-9,0.044
122-04-3,120685-31-6,0.062
122-04-3,120685-30-5,0.062
122-04-3,120685-25-8,0.051
122-04-3,120685-23-6,0.068
122-04-3,120685-19-0,0.063
122-04-3,120751-44-2,0.092
122-04-3,120685-26-9,0.055
122-04-3,120685-28-1,0.053
4530-20-5,100-07-2,0.109
4530-20-5,96-32-2,0.206
4530-20-5,62996-74-1,0.046
4530-20-5,122-01-0,0.068
4530-20-5,1885-14-9,0.111
4530-20-5,57-06-7,0.049
4530-20-5,403-43-0,0.067
4530-20-5,609-65-4,0.089
4530-20-5,618-46-2,0.062
4530-20-5,99-33-2,0.061
4530-20-5,121-90-4,0.055
4530-20-5,1436-34-6,0.045
4530-20-5,5445-17-0,0.167
4530-20-5,1711-07-5,0.061
4530-20-5,120685-11-2,0.058
4530-20-5,7377-26-6,0.13
4530-20-5,2404-44-6,0.04
4530-20-5,3234-28-4,0.04
4530-20-5,84468-15-5,0.032
4530-20-5,120685-17-8,0.095
4530-20-5,120685-10-1,0.075
4530-20-5,120685-20-3,0.068
4530-20-5,120685-18-9,0.047
4530-20-5,120685-13-4,0.05
4530-20-5,120685-12-3,0.059
4530-20-5,120685-22-5,0.078
4530-20-5,120685-15-6,0.045
4530-20-5,120685-44-1,0.048
4530-20-5,120685-16-7,0.047
4530-20-5,120685-14-5,0.065
4530-20-5,120685-45-2,0.049
4530-20-5,120685-33-8,0.053
4530-20-5,120685-27-0,0.044
4530-20-5,120685-21-4,0.07
4530-20-5,120685-47-4,0.056
4530-20-5,120685-46-3,0.047
4530-20-5,120685-39-4,0.063
4530-20-5,120685-38-3,0.061
4530-20-5,120685-37-2,0.056
4530-20-5,120685-24-7,0.05
4530-20-5,120685-50-9,0.043
4530-20-5,120685-43-0,0.049
4530-20-5,120685-42-9,0.048
4530-20-5,120685-41-8,0.047
4530-20-5,120685-35-0,0.035
4530-20-5,120685-32-7,0.041
4530-20-5,120685-29-2,0.047
4530-20-5,120685-49-6,0.05
4530-20-5,120685-48-5,0.05
4530-20-5,120685-40-7,0.059
4530-20-5,120685-36-1,0.04
4530-20-5,120685-34-9,0.036
4530-20-5,120685-31-6,0.045
4530-20-5,120685-30-5,0.045
4530-20-5,120685-25-8,0.051
4530-20-5,120685-23-6,0.059
4530-20-5,120685-19-0,0.117
4530-20-5,120751-44-2,0.057
4530-20-5,120685-26-9,0.036
4530-20-5,120685-28-1,0.044
100-07-2,96-32-2,0.176
100-07-2,62996-74-1,0.076
100-07-2,122-01-0,0.438
100-07-2,1885-14-9,0.256
100-07-2,57-06-7,0.0
100-07-2,403-43-0,0.424
100-07-2,609-65-4,0.231
100-07-2,618-46-2,0.282
100-07-2,99-33-2,0.244
100-07-2,121-90-4,0.239
100-07-2,1436-34-6,0.023
100-07-2,5445-17-0,0.171
100-07-2,1711-07-5,0.275
100-07-2,120685-11-2,0.105
100-07-2,7377-26-6,0.5
100-07-2,2404-44-6,0.02
100-07-2,3234-28-4,0.02
100-07-2,84468-15-5,0.086
100-07-2,120685-17-8,0.086
100-07-2,120685-10-1,0.085
100-07-2,120685-20-3,0.088
100-07-2,120685-18-9,0.099
100-07-2,120685-13-4,0.078
100-07-2,120685-12-3,0.088
100-07-2,120685-22-5,0.088
100-07-2,120685-15-6,0.095
100-07-2,120685-44-1,0.112
100-07-2,120685-16-7,0.099
100-07-2,120685-14-5,0.083
100-07-2,120685-45-2,0.114
100-07-2,120685-33-8,0.092
100-07-2,120685-27-0,0.073
100-07-2,120685-21-4,0.089
100-07-2,120685-47-4,0.111
100-07-2,120685-46-3,0.109
100-07-2,120685-39-4,0.073
100-07-2,120685-38-3,0.09
100-07-2,120685-37-2,0.092
100-07-2,120685-24-7,0.068
100-07-2,120685-50-9,0.071
100-07-2,120685-43-0,0.185
100-07-2,120685-42-9,0.092
100-07-2,120685-41-8,0.099
100-07-2,120685-35-0,0.073
100-07-2,120685-32-7,0.068
100-07-2,120685-29-2,0.073
100-07-2,120685-49-6,0.078
100-07-2,120685-48-5,0.086
100-07-2,120685-40-7,0.097
100-07-2,120685-36-1,0.067
100-07-2,120685-34-9,0.06
100-07-2,120685-31-6,0.07
100-07-2,120685-30-5,0.07
100-07-2,120685-25-8,0.07
100-07-2,120685-23-6,0.087
100-07-2,120685-19-0,0.081
100-07-2,120751-44-2,0.112
100-07-2,120685-26-9,0.075
100-07-2,120685-28-1,0.073
96-32-2,62996-74-1,0.062
96-32-2,122-01-0,0.091
96-32-2,1885-14-9,0.114
96-32-2,57-06-7,0.032
96-32-2,403-43-0,0.088
96-32-2,609-65-4,0.086
96-32-2,618-46-2,0.081
96-32-2,99-33-2,0.079
96-32-2,121-90-4,0.068
96-32-2,1436-34-6,0.061
96-32-2,5445-17-0,0.348
96-32-2,1711-07-5,0.079
96-32-2,120685-11-2,0.064
96-32-2,7377-26-6,0.206
96-32-2,2404-44-6,0.051
96-32-2,3234-28-4,0.051
96-32-2,84468-15-5,0.019
96-32-2,120685-17-8,0.064
96-32-2,120685-10-1,0.073
96-32-2,120685-20-3,0.075
96-32-2,120685-18-9,0.06
96-32-2,120685-13-4,0.065
96-32-2,120685-12-3,0.065
96-32-2,120685-22-5,0.076
96-32-2,120685-15-6,0.058
96-32-2,120685-44-1,0.062
96-32-2,120685-16-7,0.06
96-32-2,120685-14-5,0.071
96-32-2,120685-45-2,0.064
96-32-2,120685-33-8,0.069
96-32-2,120685-27-0,0.059
96-32-2,120685-21-4,0.098
96-32-2,120685-47-4,0.071
96-32-2,120685-46-3,0.061
96-32-2,120685-39-4,0.07
96-32-2,120685-38-3,0.078
96-32-2,120685-37-2,0.062
96-32-2,120685-24-7,0.055
96-32-2,120685-50-9,0.047
96-32-2,120685-43-0,0.063
96-32-2,120685-42-9,0.062
96-32-2,120685-41-8,0.06
96-32-2,120685-35-0,0.049
96-32-2,120685-32-7,0.055
96-32-2,120685-29-2,0.061
96-32-2,120685-49-6,0.065
96-32-2,120685-48-5,0.055
96-32-2,120685-40-7,0.065
96-32-2,120685-36-1,0.044
96-32-2,120685-34-9,0.039
96-32-2,120685-31-6,0.058
96-32-2,120685-30-5,0.058
96-32-2,120685-25-8,0.057
96-32-2,120685-23-6,0.075
96-32-2,120685-19-0,0.07
96-32-2,120751-44-2,0.062
96-32-2,120685-26-9,0.051
96-32-2,120685-28-1,0.059
62996-74-1,122-01-0,0.058
62996-74-1,1885-14-9,0.077
62996-74-1,57-06-7,0.01
62996-74-1,403-43-0,0.048
62996-74-1,609-65-4,0.078
62996-74-1,618-46-2,0.056
62996-74-1,99-33-2,0.065
62996-74-1,121-90-4,0.071
62996-74-1,1436-34-6,0.038
62996-74-1,5445-17-0,0.051
62996-74-1,1711-07-5,0.056
62996-74-1,120685-11-2,0.658
62996-74-1,7377-26-6,0.086
62996-74-1,2404-44-6,0.046
62996-74-1,3234-28-4,0.046
62996-74-1,84468-15-5,0.077
62996-74-1,120685-17-8,0.658
62996-74-1,120685-10-1,0.647
62996-74-1,120685-20-3,0.67
62996-74-1,120685-18-9,0.633
62996-74-1,120685-13-4,0.7
62996-74-1,120685-12-3,0.67
62996-74-1,120685-22-5,0.676
62996-74-1,120685-15-6,0.608
62996-74-1,120685-44-1,0.641
62996-74-1,120685-16-7,0.62
62996-74-1,120685-14-5,0.65
62996-74-1,120685-45-2,0.652
62996-74-1,120685-33-8,0.701
62996-74-1,120685-27-0,0.714
62996-74-1,120685-21-4,0.697
62996-74-1,120685-47-4,0.65
62996-74-1,120685-46-3,0.639
62996-74-1,120685-39-4,0.647
62996-74-1,120685-38-3,0.704
62996-74-1,120685-37-2,0.636
62996-74-1,120685-24-7,0.664
62996-74-1,120685-50-9,0.688
62996-74-1,120685-43-0,0.647
62996-74-1,120685-42-9,0.636
62996-74-1,120685-41-8,0.62
62996-74-1,120685-35-0,0.708
62996-74-1,120685-32-7,0.658
62996-74-1,120685-29-2,0.625
62996-74-1,120685-49-6,0.67
62996-74-1,120685-48-5,0.658
62996-74-1,120685-40-7,0.67
62996-74-1,120685-36-1,0.647
62996-74-1,120685-34-9,0.589
62996-74-1,120685-31-6,0.6
62996-74-1,120685-30-5,0.6
62996-74-1,120685-25-8,0.697
62996-74-1,120685-23-6,0.679
62996-74-1,120685-19-0,0.633
62996-74-1,120751-44-2,0.641
62996-74-1,120685-26-9,0.735
62996-74-1,120685-28-1,0.708
122-01-0,1885-14-9,0.216
122-01-0,57-06-7,0.0
122-01-0,403-43-0,0.483
122-01-0,609-65-4,0.294
122-01-0,618-46-2,0.394
122-01-0,99-33-2,0.27
122-01-0,121-90-4,0.262
122-01-0,1436-34-6,0.0
122-01-0,5445-17-0,0.088
122-01-0,1711-07-5,0.343
122-01-0,120685-11-2,0.089
122-01-0,7377-26-6,0.424
122-01-0,2404-44-6,0.0
122-01-0,3234-28-4,0.0
122-01-0,84468-15-5,0.093
122-01-0,120685-17-8,0.07
122-01-0,120685-10-1,0.069
122-01-0,120685-20-3,0.071
122-01-0,120685-18-9,0.084
122-01-0,120685-13-4,0.062
122-01-0,120685-12-3,0.071
122-01-0,120685-22-5,0.072
122-01-0,120685-15-6,0.081
122-01-0,120685-44-1,0.096
122-01-0,120685-16-7,0.093
122-01-0,120685-14-5,0.077
122-01-0,120685-45-2,0.15
122-01-0,120685-33-8,0.085
122-01-0,120685-27-0,0.056
122-01-0,120685-21-4,0.073
122-01-0,120685-47-4,0.096
122-01-0,120685-46-3,0.094
122-01-0,120685-39-4,0.057
122-01-0,120685-38-3,0.073
122-01-0,120685-37-2,0.068
122-01-0,120685-24-7,0.052
122-01-0,120685-50-9,0.054
122-01-0,120685-43-0,0.097
122-01-0,120685-42-9,0.086
122-01-0,120685-41-8,0.103
122-01-0,120685-35-0,0.056
122-01-0,120685-32-7,0.052
122-01-0,120685-29-2,0.058
122-01-0,120685-49-6,0.062
122-01-0,120685-48-5,0.07
122-01-0,120685-40-7,0.081
122-01-0,120685-36-1,0.051
122-01-0,120685-34-9,0.045
122-01-0,120685-31-6,0.056
122-01-0,120685-30-5,0.056
122-01-0,120685-25-8,0.054
122-01-0,120685-23-6,0.071
122-01-0,120685-19-0,0.066
122-01-0,120751-44-2,0.096
122-01-0,120685-26-9,0.058
122-01-0,120685-28-1,0.056
1885-14-9,57-06-7,0.0
1885-14-9,403-43-0,0.211
1885-14-9,609-65-4,0.27
1885-14-9,618-46-2,0.225
1885-14-9,99-33-2,0.163
1885-14-9,121-90-4,0.191
1885-14-9,1436-34-6,0.0
1885-14-9,5445-17-0,0.111
1885-14-9,1711-07-5,0.22
1885-14-9,120685-11-2,0.116
1885-14-9,7377-26-6,0.22
1885-14-9,2404-44-6,0.0
1885-14-9,3234-28-4,0.0
1885-14-9,84468-15-5,0.107
1885-14-9,120685-17-8,0.087
1885-14-9,120685-10-1,0.095
1885-14-9,120685-20-3,0.088
1885-14-9,120685-18-9,0.091
1885-14-9,120685-13-4,0.079
1885-14-9,120685-12-3,0.088
1885-14-9,120685-22-5,0.099
1885-14-9,120685-15-6,0.087
1885-14-9,120685-44-1,0.094
1885-14-9,120685-16-7,0.091
1885-14-9,120685-14-5,0.103
1885-14-9,120685-45-2,0.096
1885-14-9,120685-33-8,0.093
1885-14-9,120685-27-0,0.074
1885-14-9,120685-21-4,0.09
1885-14-9,120685-47-4,0.093
1885-14-9,120685-46-3,0.092
1885-14-9,120685-39-4,0.082
1885-14-9,120685-38-3,0.091
1885-14-9,120685-37-2,0.162
1885-14-9,120685-24-7,0.088
1885-14-9,120685-50-9,0.091
1885-14-9,120685-43-0,0.104
1885-14-9,120685-42-9,0.093
1885-14-9,120685-41-8,0.091
1885-14-9,120685-35-0,0.073
1885-14-9,120685-32-7,0.078
1885-14-9,120685-29-2,0.074
1885-14-9,120685-49-6,0.079
1885-14-9,120685-48-5,0.096
1885-14-9,120685-40-7,0.098
1885-14-9,120685-36-1,0.067
1885-14-9,120685-34-9,0.06
1885-14-9,120685-31-6,0.071
1885-14-9,120685-30-5,0.071
1885-14-9,120685-25-8,0.071
1885-14-9,120685-23-6,0.088
1885-14-9,120685-19-0,0.082
1885-14-9,120751-44-2,0.103
1885-14-9,120685-26-9,0.076
1885-14-9,120685-28-1,0.083
57-06-7,403-43-0,0.0
57-06-7,609-65-4,0.0
57-06-7,618-46-2,0.0
57-06-7,99-33-2,0.0
57-06-7,121-90-4,0.021
57-06-7,1436-34-6,0.028
57-06-7,5445-17-0,0.0
57-06-7,1711-07-5,0.0
57-06-7,120685-11-2,0.0
57-06-7,7377-26-6,0.0
57-06-7,2404-44-6,0.024
57-06-7,3234-28-4,0.024
57-06-7,84468-15-5,0.0
57-06-7,120685-17-8,0.0
57-06-7,120685-10-1,0.008
57-06-7,120685-20-3,0.009
57-06-7,120685-18-9,0.0
57-06-7,120685-13-4,0.009
57-06-7,120685-12-3,0.009
57-06-7,120685-22-5,0.009
57-06-7,120685-15-6,0.016
57-06-7,120685-44-1,0.0
57-06-7,120685-16-7,0.0
57-06-7,120685-14-5,0.008
57-06-7,120685-45-2,0.0
57-06-7,120685-33-8,0.0
57-06-7,120685-27-0,0.009
57-06-7,120685-21-4,0.009
57-06-7,120685-47-4,0.0
57-06-7,120685-46-3,0.0
57-06-7,120685-39-4,0.05
57-06-7,120685-38-3,0.0
57-06-7,120685-37-2,0.0
57-06-7,120685-24-7,0.009
57-06-7,120685-50-9,0.0
57-06-7,120685-43-0,0.0
57-06-7,120685-42-9,0.0
57-06-7,120685-41-8,0.0
57-06-7,120685-35-0,0.0
57-06-7,120685-32-7,0.017
57-06-7,120685-29-2,0.008
57-06-7,120685-49-6,0.009
57-06-7,120685-48-5,0.009
57-06-7,120685-40-7,0.0
57-06-7,120685-36-1,0.0
57-06-7,120685-34-9,0.0
57-06-7,120685-31-6,0.008
57-06-7,120685-30-5,0.008
57-06-7,120685-25-8,0.046
57-06-7,120685-23-6,0.0
57-06-7,120685-19-0,0.008
57-06-7,120751-44-2,0.0
57-06-7,120685-26-9,0.0
57-06-7,120685-28-1,0.009
403-43-0,609-65-4,0.25
403-43-0,618-46-2,0.306
403-43-0,99-33-2,0.263
403-43-0,121-90-4,0.256
403-43-0,1436-34-6,0.0
403-43-0,5445-17-0,0.086
403-43-0,1711-07-5,0.412
403-43-0,120685-11-2,0.088
403-43-0,7377-26-6,0.412
403-43-0,2404-44-6,0.0
403-43-0,3234-28-4,0.0
403-43-0,84468-15-5,0.091
403-43-0,120685-17-8,0.06
403-43-0,120685-10-1,0.059
403-43-0,120685-20-3,0.061
403-43-0,120685-18-9,0.074
403-43-0,120685-13-4,0.052
403-43-0,120685-12-3,0.071
403-43-0,120685-22-5,0.062
403-43-0,120685-15-6,0.071
403-43-0,120685-44-1,0.156
403-43-0,120685-16-7,0.102
403-43-0,120685-14-5,0.058
403-43-0,120685-45-2,0.088
403-43-0,120685-33-8,0.064
403-43-0,120685-27-0,0.046
403-43-0,120685-21-4,0.062
403-43-0,120685-47-4,0.085
403-43-0,120685-46-3,0.084
403-43-0,120685-39-4,0.048
403-43-0,120685-38-3,0.063
403-43-0,120685-37-2,0.058
403-43-0,120685-24-7,0.043
403-43-0,120685-50-9,0.044
403-43-0,120685-43-0,0.087
403-43-0,120685-42-9,0.067
403-43-0,120685-41-8,0.074
403-43-0,120685-35-0,0.045
403-43-0,120685-32-7,0.042
403-43-0,120685-29-2,0.049
403-43-0,120685-49-6,0.052
403-43-0,120685-48-5,0.06
403-43-0,120685-40-7,0.071
403-43-0,120685-36-1,0.042
403-43-0,120685-34-9,0.037
403-43-0,120685-31-6,0.047
403-43-0,120685-30-5,0.047
403-43-0,120685-25-8,0.044
403-43-0,120685-23-6,0.061
403-43-0,120685-19-0,0.057
403-43-0,120751-44-2,0.086
403-43-0,120685-26-9,0.047
403-43-0,120685-28-1,0.045
609-65-4,618-46-2,0.297
609-65-4,99-33-2,0.195
609-65-4,121-90-4,0.222
609-65-4,1436-34-6,0.0
609-65-4,5445-17-0,0.114
609-65-4,1711-07-5,0.256
609-65-4,120685-11-2,0.097
609-65-4,7377-26-6,0.225
609-65-4,2404-44-6,0.0
609-65-4,3234-28-4,0.0
609-65-4,84468-15-5,0.13
609-65-4,120685-17-8,0.097
609-65-4,120685-10-1,0.086
609-65-4,120685-20-3,0.089
609-65-4,120685-18-9,0.092
609-65-4,120685-13-4,0.08
609-65-4,120685-12-3,0.089
609-65-4,120685-22-5,0.09
609-65-4,120685-15-6,0.088
609-65-4,120685-44-1,0.095
609-65-4,120685-16-7,0.092
609-65-4,120685-14-5,0.085
609-65-4,120685-45-2,0.106
609-65-4,120685-33-8,0.093
609-65-4,120685-27-0,0.075
609-65-4,120685-21-4,0.091
609-65-4,120685-47-4,0.094
609-65-4,120685-46-3,0.092
609-65-4,120685-39-4,0.074
609-65-4,120685-38-3,0.092
609-65-4,120685-37-2,0.085
609-65-4,120685-24-7,0.07
609-65-4,120685-50-9,0.072
609-65-4,120685-43-0,0.096
609-65-4,120685-42-9,0.174
609-65-4,120685-41-8,0.101
609-65-4,120685-35-0,0.084
609-65-4,120685-32-7,0.069
609-65-4,120685-29-2,0.083
609-65-4,120685-49-6,0.089
609-65-4,120685-48-5,0.078
609-65-4,120685-40-7,0.099
609-65-4,120685-36-1,0.077
609-65-4,120685-34-9,0.077
609-65-4,120685-31-6,0.08
609-65-4,120685-30-5,0.08
609-65-4,120685-25-8,0.071
609-65-4,120685-23-6,0.098
609-65-4,120685-19-0,0.092
609-65-4,120751-44-2,0.095
609-65-4,120685-26-9,0.077
609-65-4,120685-28-1,0.074
618-46-2,99-33-2,0.275
618-46-2,121-90-4,0.425
618-46-2,1436-34-6,0.0
618-46-2,5445-17-0,0.079
618-46-2,1711-07-5,0.5
618-46-2,120685-11-2,0.096
618-46-2,7377-26-6,0.275
618-46-2,2404-44-6,0.0
618-46-2,3234-28-4,0.0
618-46-2,84468-15-5,0.125
618-46-2,120685-17-8,0.068
618-46-2,120685-10-1,0.067
618-46-2,120685-20-3,0.069
618-46-2,120685-18-9,0.09
618-46-2,120685-13-4,0.06
618-46-2,120685-12-3,0.069
618-46-2,120685-22-5,0.07
618-46-2,120685-15-6,0.104
618-46-2,120685-44-1,0.084
618-46-2,120685-16-7,0.108
618-46-2,120685-14-5,0.066
618-46-2,120685-45-2,0.104
618-46-2,120685-33-8,0.072
618-46-2,120685-27-0,0.054
618-46-2,120685-21-4,0.07
618-46-2,120685-47-4,0.083
618-46-2,120685-46-3,0.082
618-46-2,120685-39-4,0.056
618-46-2,120685-38-3,0.071
618-46-2,120685-37-2,0.066
618-46-2,120685-24-7,0.05
618-46-2,120685-50-9,0.052
618-46-2,120685-43-0,0.085
618-46-2,120685-42-9,0.083
618-46-2,120685-41-8,0.177
618-46-2,120685-35-0,0.054
618-46-2,120685-32-7,0.05
618-46-2,120685-29-2,0.056
618-46-2,120685-49-6,0.06
618-46-2,120685-48-5,0.086
618-46-2,120685-40-7,0.078
618-46-2,120685-36-1,0.049
618-46-2,120685-34-9,0.052
618-46-2,120685-31-6,0.054
618-46-2,120685-30-5,0.054
618-46-2,120685-25-8,0.052
618-46-2,120685-23-6,0.068
618-46-2,120685-19-0,0.064
618-46-2,120751-44-2,0.084
618-46-2,120685-26-9,0.056
618-46-2,120685-28-1,0.054
99-33-2,121-90-4,0.487
99-33-2,1436-34-6,0.0
99-33-2,5445-17-0,0.077
99-33-2,1711-07-5,0.268
99-33-2,120685-11-2,0.095
99-33-2,7377-26-6,0.238
99-33-2,2404-44-6,0.0
99-33-2,3234-28-4,0.0
99-33-2,84468-15-5,0.067
99-33-2,120685-17-8,0.067
99-33-2,120685-10-1,0.066
99-33-2,120685-20-3,0.068
99-33-2,120685-18-9,0.186
99-33-2,120685-13-4,0.059
99-33-2,120685-12-3,0.068
99-33-2,120685-22-5,0.069
99-33-2,120685-15-6,0.158
99-33-2,120685-44-1,0.092
99-33-2,120685-16-7,0.098
99-33-2,120685-14-5,0.065
99-33-2,120685-45-2,0.094
99-33-2,120685-33-8,0.071
99-33-2,120685-27-0,0.054
99-33-2,120685-21-4,0.07
99-33-2,120685-47-4,0.092
99-33-2,120685-46-3,0.147
99-33-2,120685-39-4,0.055
99-33-2,120685-38-3,0.07
99-33-2,120685-37-2,0.065
99-33-2,120685-24-7,0.05
99-33-2,120685-50-9,0.052
99-33-2,120685-43-0,0.093
99-33-2,120685-42-9,0.083
99-33-2,120685-41-8,0.098
99-33-2,120685-35-0,0.053
99-33-2,120685-32-7,0.05
99-33-2,120685-29-2,0.056
99-33-2,120685-49-6,0.059
99-33-2,120685-48-5,0.067
99-33-2,120685-40-7,0.078
99-33-2,120685-36-1,0.057
99-33-2,120685-34-9,0.044
99-33-2,120685-31-6,0.053
99-33-2,120685-30-5,0.053
99-33-2,120685-25-8,0.051
99-33-2,120685-23-6,0.068
99-33-2,120685-19-0,0.063
99-33-2,120751-44-2,0.092
99-33-2,120685-26-9,0.055
99-33-2,120685-28-1,0.062
121-90-4,1436-34-6,0.0
121-90-4,5445-17-0,0.067
121-90-4,1711-07-5,0.415
121-90-4,120685-11-2,0.099
121-90-4,7377-26-6,0.234
121-90-4,2404-44-6,0.0
121-90-4,3234-28-4,0.0
121-90-4,84468-15-5,0.111
121-90-4,120685-17-8,0.073
121-90-4,120685-10-1,0.071
121-90-4,120685-20-3,0.074
121-90-4,120685-18-9,0.157
121-90-4,120685-13-4,0.065
121-90-4,120685-12-3,0.074
121-90-4,120685-22-5,0.074
121-90-4,120685-15-6,0.218
121-90-4,120685-44-1,0.088
121-90-4,120685-16-7,0.111
121-90-4,120685-14-5,0.079
121-90-4,120685-45-2,0.089
121-90-4,120685-33-8,0.077
121-90-4,120685-27-0,0.06
121-90-4,120685-21-4,0.075
121-90-4,120685-47-4,0.087
121-90-4,120685-46-3,0.139
121-90-4,120685-39-4,0.061
121-90-4,120685-38-3,0.076
121-90-4,120685-37-2,0.07
121-90-4,120685-24-7,0.056
121-90-4,120685-50-9,0.058
121-90-4,120685-43-0,0.089
121-90-4,120685-42-9,0.079
121-90-4,120685-41-8,0.111
121-90-4,120685-35-0,0.059
121-90-4,120685-32-7,0.056
121-90-4,120685-29-2,0.061
121-90-4,120685-49-6,0.065
121-90-4,120685-48-5,0.081
121-90-4,120685-40-7,0.083
121-90-4,120685-36-1,0.063
121-90-4,120685-34-9,0.057
121-90-4,120685-31-6,0.059
121-90-4,120685-30-5,0.059
121-90-4,120685-25-8,0.057
121-90-4,120685-23-6,0.073
121-90-4,120685-19-0,0.069
121-90-4,120751-44-2,0.088
121-90-4,120685-26-9,0.061
121-90-4,120685-28-1,0.059
1436-34-6,5445-17-0,0.029
1436-34-6,1711-07-5,0.0
1436-34-6,120685-11-2,0.034
1436-34-6,7377-26-6,0.022
1436-34-6,2404-44-6,0.586
1436-34-6,3234-28-4,0.586
1436-34-6,84468-15-5,0.0
1436-34-6,120685-17-8,0.034
1436-34-6,120685-10-1,0.042
1436-34-6,120685-20-3,0.044
1436-34-6,120685-18-9,0.032
1436-34-6,120685-13-4,0.035
1436-34-6,120685-12-3,0.035
1436-34-6,120685-22-5,0.044
1436-34-6,120685-15-6,0.031
1436-34-6,120685-44-1,0.033
1436-34-6,120685-16-7,0.032
1436-34-6,120685-14-5,0.033
1436-34-6,120685-45-2,0.034
1436-34-6,120685-33-8,0.036
1436-34-6,120685-27-0,0.057
1436-34-6,120685-21-4,0.045
1436-34-6,120685-47-4,0.033
1436-34-6,120685-46-3,0.033
1436-34-6,120685-39-4,0.041
1436-34-6,120685-38-3,0.036
1436-34-6,120685-37-2,0.033
1436-34-6,120685-24-7,0.043
1436-34-6,120685-50-9,0.036
1436-34-6,120685-43-0,0.034
1436-34-6,120685-42-9,0.033
1436-34-6,120685-41-8,0.032
1436-34-6,120685-35-0,0.037
1436-34-6,120685-32-7,0.043
1436-34-6,120685-29-2,0.076
1436-34-6,120685-49-6,0.044
1436-34-6,120685-48-5,0.034
1436-34-6,120685-40-7,0.035
1436-34-6,120685-36-1,0.034
1436-34-6,120685-34-9,0.03
1436-34-6,120685-31-6,0.073
1436-34-6,120685-30-5,0.073
1436-34-6,120685-25-8,0.045
1436-34-6,120685-23-6,0.034
1436-34-6,120685-19-0,0.032
1436-34-6,120751-44-2,0.033
1436-34-6,120685-26-9,0.038
1436-34-6,120685-28-1,0.056
5445-17-0,1711-07-5,0.077
5445-17-0,120685-11-2,0.064
5445-17-0,7377-26-6,0.2
5445-17-0,2404-44-6,0.024
5445-17-0,3234-28-4,0.024
5445-17-0,84468-15-5,0.019
5445-17-0,120685-17-8,0.064
5445-17-0,120685-10-1,0.062
5445-17-0,120685-20-3,0.065
5445-17-0,120685-18-9,0.06
5445-17-0,120685-13-4,0.065
5445-17-0,120685-12-3,0.065
5445-17-0,120685-22-5,0.056
5445-17-0,120685-15-6,0.057
5445-17-0,120685-44-1,0.062
5445-17-0,120685-16-7,0.06
5445-17-0,120685-14-5,0.071
5445-17-0,120685-45-2,0.063
5445-17-0,120685-33-8,0.068
5445-17-0,120685-27-0,0.038
5445-17-0,120685-21-4,0.066
5445-17-0,120685-47-4,0.071
5445-17-0,120685-46-3,0.06
5445-17-0,120685-39-4,0.06
5445-17-0,120685-38-3,0.077
5445-17-0,120685-37-2,0.061
5445-17-0,120685-24-7,0.036
5445-17-0,120685-50-9,0.037
5445-17-0,120685-43-0,0.062
5445-17-0,120685-42-9,0.071
5445-17-0,120685-41-8,0.06
5445-17-0,120685-35-0,0.038
5445-17-0,120685-32-7,0.035
5445-17-0,120685-29-2,0.051
5445-17-0,120685-49-6,0.065
5445-17-0,120685-48-5,0.054
5445-17-0,120685-40-7,0.065
5445-17-0,120685-36-1,0.035
5445-17-0,120685-34-9,0.031
5445-17-0,120685-31-6,0.049
5445-17-0,120685-30-5,0.049
5445-17-0,120685-25-8,0.037
5445-17-0,120685-23-6,0.105
5445-17-0,120685-19-0,0.069
5445-17-0,120751-44-2,0.062
5445-17-0,120685-26-9,0.04
5445-17-0,120685-28-1,0.038
1711-07-5,120685-11-2,0.114
1711-07-5,7377-26-6,0.268
1711-07-5,2404-44-6,0.0
1711-07-5,3234-28-4,0.0
1711-07-5,84468-15-5,0.123
1711-07-5,120685-17-8,0.076
1711-07-5,120685-10-1,0.075
1711-07-5,120685-20-3,0.078
1711-07-5,120685-18-9,0.098
1711-07-5,120685-13-4,0.068
1711-07-5,120685-12-3,0.087
1711-07-5,120685-22-5,0.069
1711-07-5,120685-15-6,0.112
1711-07-5,120685-44-1,0.121
1711-07-5,120685-16-7,0.186
1711-07-5,120685-14-5,0.074
1711-07-5,120685-45-2,0.094
1711-07-5,120685-33-8,0.091
1711-07-5,120685-27-0,0.054
1711-07-5,120685-21-4,0.07
1711-07-5,120685-47-4,0.092
1711-07-5,120685-46-3,0.09
1711-07-5,120685-39-4,0.063
1711-07-5,120685-38-3,0.08
1711-07-5,120685-37-2,0.074
1711-07-5,120685-24-7,0.05
1711-07-5,120685-50-9,0.052
1711-07-5,120685-43-0,0.093
1711-07-5,120685-42-9,0.083
1711-07-5,120685-41-8,0.117
1711-07-5,120685-35-0,0.053
1711-07-5,120685-32-7,0.05
1711-07-5,120685-29-2,0.056
1711-07-5,120685-49-6,0.059
1711-07-5,120685-48-5,0.085
1711-07-5,120685-40-7,0.087
1711-07-5,120685-36-1,0.049
1711-07-5,120685-34-9,0.051
1711-07-5,120685-31-6,0.053
1711-07-5,120685-30-5,0.053
1711-07-5,120685-25-8,0.051
1711-07-5,120685-23-6,0.068
1711-07-5,120685-19-0,0.072
1711-07-5,120751-44-2,0.092
1711-07-5,120685-26-9,0.055
1711-07-5,120685-28-1,0.053
120685-11-2,7377-26-6,0.104
120685-11-2,2404-44-6,0.041
120685-11-2,3234-28-4,0.041
120685-11-2,84468-15-5,0.069
120685-11-2,120685-17-8,0.772
120685-11-2,120685-10-1,0.774
120685-11-2,120685-20-3,0.786
120685-11-2,120685-18-9,0.817
120685-11-2,120685-13-4,0.77
120685-11-2,120685-12-3,0.802
120685-11-2,120685-22-5,0.746
120685-11-2,120685-15-6,0.798
120685-11-2,120685-44-1,0.881
120685-11-2,120685-16-7,0.85
120685-11-2,120685-14-5,0.776
120685-11-2,120685-45-2,0.88
120685-11-2,120685-33-8,0.822
120685-11-2,120685-27-0,0.739
120685-11-2,120685-21-4,0.737
120685-11-2,120685-47-4,0.856
120685-11-2,120685-46-3,0.841
120685-11-2,120685-39-4,0.713
120685-11-2,120685-38-3,0.807
120685-11-2,120685-37-2,0.776
120685-11-2,120685-24-7,0.718
120685-11-2,120685-50-9,0.743
120685-11-2,120685-43-0,0.872
120685-11-2,120685-42-9,0.791
120685-11-2,120685-41-8,0.833
120685-11-2,120685-35-0,0.732
120685-11-2,120685-32-7,0.683
120685-11-2,120685-29-2,0.664
120685-11-2,120685-49-6,0.709
120685-11-2,120685-48-5,0.836
120685-11-2,120685-40-7,0.802
120685-11-2,120685-36-1,0.672
120685-11-2,120685-34-9,0.603
120685-11-2,120685-31-6,0.638
120685-11-2,120685-30-5,0.638
120685-11-2,120685-25-8,0.707
120685-11-2,120685-23-6,0.748
120685-11-2,120685-19-0,0.727
120685-11-2,120751-44-2,0.881
120685-11-2,120685-26-9,0.652
120685-11-2,120685-28-1,0.63
7377-26-6,2404-44-6,0.02
7377-26-6,3234-28-4,0.02
7377-26-6,84468-15-5,0.085
7377-26-6,120685-17-8,0.085
7377-26-6,120685-10-1,0.084
7377-26-6,120685-20-3,0.087
7377-26-6,120685-18-9,0.098
7377-26-6,120685-13-4,0.087
7377-26-6,120685-12-3,0.087
7377-26-6,120685-22-5,0.088
7377-26-6,120685-15-6,0.094
7377-26-6,120685-44-1,0.111
7377-26-6,120685-16-7,0.098
7377-26-6,120685-14-5,0.092
7377-26-6,120685-45-2,0.113
7377-26-6,120685-33-8,0.091
7377-26-6,120685-27-0,0.073
7377-26-6,120685-21-4,0.098
7377-26-6,120685-47-4,0.191
7377-26-6,120685-46-3,0.108
7377-26-6,120685-39-4,0.081
7377-26-6,120685-38-3,0.099
7377-26-6,120685-37-2,0.083
7377-26-6,120685-24-7,0.068
7377-26-6,120685-50-9,0.07
7377-26-6,120685-43-0,0.112
7377-26-6,120685-42-9,0.092
7377-26-6,120685-41-8,0.098
7377-26-6,120685-35-0,0.072
7377-26-6,120685-32-7,0.067
7377-26-6,120685-29-2,0.073
7377-26-6,120685-49-6,0.078
7377-26-6,120685-48-5,0.085
7377-26-6,120685-40-7,0.096
7377-26-6,120685-36-1,0.066
7377-26-6,120685-34-9,0.067
7377-26-6,120685-31-6,0.07
7377-26-6,120685-30-5,0.07
7377-26-6,120685-25-8,0.07
7377-26-6,120685-23-6,0.096
7377-26-6,120685-19-0,0.089
7377-26-6,120751-44-2,0.111
7377-26-6,120685-26-9,0.075
7377-26-6,120685-28-1,0.072
2404-44-6,3234-28-4,1.0
2404-44-6,84468-15-5,0.016
2404-44-6,120685-17-8,0.041
2404-44-6,120685-10-1,0.049
2404-44-6,120685-20-3,0.05
2404-44-6,120685-18-9,0.039
2404-44-6,120685-13-4,0.042
2404-44-6,120685-12-3,0.042
2404-44-6,120685-22-5,0.051
2404-44-6,120685-15-6,0.037
2404-44-6,120685-44-1,0.04
2404-44-6,120685-16-7,0.039
2404-44-6,120685-14-5,0.04
2404-44-6,120685-45-2,0.041
2404-44-6,120685-33-8,0.043
2404-44-6,120685-27-0,0.063
2404-44-6,120685-21-4,0.051
2404-44-6,120685-47-4,0.04
2404-44-6,120685-46-3,0.039
2404-44-6,120685-39-4,0.047
2404-44-6,120685-38-3,0.043
2404-44-6,120685-37-2,0.04
2404-44-6,120685-24-7,0.05
2404-44-6,120685-50-9,0.043
2404-44-6,120685-43-0,0.04
2404-44-6,120685-42-9,0.04
2404-44-6,120685-41-8,0.039
2404-44-6,120685-35-0,0.044
2404-44-6,120685-32-7,0.05
2404-44-6,120685-29-2,0.081
2404-44-6,120685-49-6,0.05
2404-44-6,120685-48-5,0.05
2404-44-6,120685-40-7,0.042
2404-44-6,120685-36-1,0.04
2404-44-6,120685-34-9,0.044
2404-44-6,120685-31-6,0.122
2404-44-6,120685-30-5,0.122
2404-44-6,120685-25-8,0.051
2404-44-6,120685-23-6,0.041
2404-44-6,120685-19-0,0.039
2404-44-6,120751-44-2,0.04
2404-44-6,120685-26-9,0.045
2404-44-6,120685-28-1,0.062
3234-28-4,84468-15-5,0.016
3234-28-4,120685-17-8,0.041
3234-28-4,120685-10-1,0.049
3234-28-4,120685-20-3,0.05
3234-28-4,120685-18-9,0.039
3234-28-4,120685-13-4,0.042
3234-28-4,120685-12-3,0.042
3234-28-4,120685-22-5,0.051
3234-28-4,120685-15-6,0.037
3234-28-4,120685-44-1,0.04
3234-28-4,120685-16-7,0.039
3234-28-4,120685-14-5,0.04
3234-28-4,120685-45-2,0.041
3234-28-4,120685-33-8,0.043
3234-28-4,120685-27-0,0.063
3234-28-4,120685-21-4,0.051
3234-28-4,120685-47-4,0.04
3234-28-4,120685-46-3,0.039
3234-28-4,120685-39-4,0.047
3234-28-4,120685-38-3,0.043
3234-28-4,120685-37-2,0.04
3234-28-4,120685-24-7,0.05
3234-28-4,120685-50-9,0.043
3234-28-4,120685-43-0,0.04
3234-28-4,120685-42-9,0.04
3234-28-4,120685-41-8,0.039
3234-28-4,120685-35-0,0.044
3234-28-4,120685-32-7,0.05
3234-28-4,120685-29-2,0.081
3234-28-4,120685-49-6,0.05
3234-28-4,120685-48-5,0.05
3234-28-4,120685-40-7,0.042
3234-28-4,120685-36-1,0.04
3234-28-4,120685-34-9,0.044
3234-28-4,120685-31-6,0.122
3234-28-4,120685-30-5,0.122
3234-28-4,120685-25-8,0.051
3234-28-4,120685-23-6,0.041
3234-28-4,120685-19-0,0.039
3234-28-4,120751-44-2,0.04
3234-28-4,120685-26-9,0.045
3234-28-4,120685-28-1,0.062
84468-15-5,120685-17-8,0.069
84468-15-5,120685-10-1,0.06
84468-15-5,120685-20-3,0.062
84468-15-5,120685-18-9,0.066
84468-15-5,120685-13-4,0.062
84468-15-5,120685-12-3,0.062
84468-15-5,120685-22-5,0.071
84468-15-5,120685-15-6,0.071
84468-15-5,120685-44-1,0.068
84468-15-5,120685-16-7,0.074
84468-15-5,120685-14-5,0.059
84468-15-5,120685-45-2,0.069
84468-15-5,120685-33-8,0.065
84468-15-5,120685-27-0,0.066
84468-15-5,120685-21-4,0.071
84468-15-5,120685-47-4,0.067
84468-15-5,120685-46-3,0.066
84468-15-5,120685-39-4,0.058
84468-15-5,120685-38-3,0.063
84468-15-5,120685-37-2,0.059
84468-15-5,120685-24-7,0.062
84468-15-5,120685-50-9,0.063
84468-15-5,120685-43-0,0.068
84468-15-5,120685-42-9,0.067
84468-15-5,120685-41-8,0.074
84468-15-5,120685-35-0,0.083
84468-15-5,120685-32-7,0.061
84468-15-5,120685-29-2,0.058
84468-15-5,120685-49-6,0.062
84468-15-5,120685-48-5,0.061
84468-15-5,120685-40-7,0.07
84468-15-5,120685-36-1,0.076
84468-15-5,120685-34-9,0.24
84468-15-5,120685-31-6,0.064
84468-15-5,120685-30-5,0.064
84468-15-5,120685-25-8,0.063
84468-15-5,120685-23-6,0.062
84468-15-5,120685-19-0,0.066
84468-15-5,120751-44-2,0.068
84468-15-5,120685-26-9,0.076
84468-15-5,120685-28-1,0.074
120685-17-8,120685-10-1,0.759
120685-17-8,120685-20-3,0.802
120685-17-8,120685-18-9,0.727
120685-17-8,120685-13-4,0.77
120685-17-8,120685-12-3,0.802
120685-17-8,120685-22-5,0.73
120685-17-8,120685-15-6,0.698
120685-17-8,120685-44-1,0.752
120685-17-8,120685-16-7,0.727
120685-17-8,120685-14-5,0.746
120685-17-8,120685-45-2,0.765
120685-17-8,120685-33-8,0.822
120685-17-8,120685-27-0,0.739
120685-17-8,120685-21-4,0.737
120685-17-8,120685-47-4,0.746
120685-17-8,120685-46-3,0.733
120685-17-8,120685-39-4,0.713
120685-17-8,120685-38-3,0.858
120685-17-8,120685-37-2,0.791
120685-17-8,120685-24-7,0.689
120685-17-8,120685-50-9,0.713
120685-17-8,120685-43-0,0.759
120685-17-8,120685-42-9,0.746
120685-17-8,120685-41-8,0.727
120685-17-8,120685-35-0,0.732
120685-17-8,120685-32-7,0.683
120685-17-8,120685-29-2,0.664
120685-17-8,120685-49-6,0.709
120685-17-8,120685-48-5,0.757
120685-17-8,120685-40-7,0.802
120685-17-8,120685-36-1,0.672
120685-17-8,120685-34-9,0.615
120685-17-8,120685-31-6,0.638
120685-17-8,120685-30-5,0.638
120685-17-8,120685-25-8,0.722
120685-17-8,120685-23-6,0.763
120685-17-8,120685-19-0,0.802
120685-17-8,120751-44-2,0.752
120685-17-8,120685-26-9,0.652
120685-17-8,120685-28-1,0.63
120685-10-1,120685-20-3,0.836
120685-10-1,120685-18-9,0.715
120685-10-1,120685-13-4,0.757
120685-10-1,120685-12-3,0.772
120685-10-1,120685-22-5,0.763
120685-10-1,120685-15-6,0.688
120685-10-1,120685-44-1,0.739
120685-10-1,120685-16-7,0.715
120685-10-1,120685-14-5,0.748
120685-10-1,120685-45-2,0.752
120685-10-1,120685-33-8,0.807
120685-10-1,120685-27-0,0.741
120685-10-1,120685-21-4,0.739
120685-10-1,120685-47-4,0.733
120685-10-1,120685-46-3,0.721
120685-10-1,120685-39-4,0.715
120685-10-1,120685-38-3,0.793
120685-10-1,120685-37-2,0.748
120685-10-1,120685-24-7,0.706
120685-10-1,120685-50-9,0.73
120685-10-1,120685-43-0,0.746
120685-10-1,120685-42-9,0.733
120685-10-1,120685-41-8,0.715
120685-10-1,120685-35-0,0.719
120685-10-1,120685-32-7,0.686
120685-10-1,120685-29-2,0.667
120685-10-1,120685-49-6,0.712
120685-10-1,120685-48-5,0.759
120685-10-1,120685-40-7,0.772
120685-10-1,120685-36-1,0.661
120685-10-1,120685-34-9,0.594
120685-10-1,120685-31-6,0.641
120685-10-1,120685-30-5,0.641
120685-10-1,120685-25-8,0.709
120685-10-1,120685-23-6,0.735
120685-10-1,120685-19-0,0.715
120685-10-1,120751-44-2,0.754
120685-10-1,120685-26-9,0.641
120685-10-1,120685-28-1,0.633
120685-20-3,120685-18-9,0.739
120685-20-3,120685-13-4,0.784
120685-20-3,120685-12-3,0.8
120685-20-3,120685-22-5,0.759
120685-20-3,120685-15-6,0.71
120685-20-3,120685-44-1,0.765
120685-20-3,120685-16-7,0.739
120685-20-3,120685-14-5,0.759
120685-20-3,120685-45-2,0.779
120685-20-3,120685-33-8,0.838
120685-20-3,120685-27-0,0.769
120685-20-3,120685-21-4,0.766
120685-20-3,120685-47-4,0.759
120685-20-3,120685-46-3,0.746
120685-20-3,120685-39-4,0.739
120685-20-3,120685-38-3,0.822
120685-20-3,120685-37-2,0.759
120685-20-3,120685-24-7,0.716
120685-20-3,120685-50-9,0.726
120685-20-3,120685-43-0,0.772
120685-20-3,120685-42-9,0.759
120685-20-3,120685-41-8,0.739
120685-20-3,120685-35-0,0.745
120685-20-3,120685-32-7,0.709
120685-20-3,120685-29-2,0.689
120685-20-3,120685-49-6,0.737
120685-20-3,120685-48-5,0.77
120685-20-3,120685-40-7,0.8
120685-20-3,120685-36-1,0.683
120685-20-3,120685-34-9,0.612
120685-20-3,120685-31-6,0.661
120685-20-3,120685-30-5,0.661
120685-20-3,120685-25-8,0.735
120685-20-3,120685-23-6,0.761
120685-20-3,120685-19-0,0.754
120685-20-3,120751-44-2,0.765
120685-20-3,120685-26-9,0.664
120685-20-3,120685-28-1,0.655
120685-18-9,120685-13-4,0.725
120685-18-9,120685-12-3,0.739
120685-18-9,120685-22-5,0.689
120685-18-9,120685-15-6,0.857
120685-18-9,120685-44-1,0.797
120685-18-9,120685-16-7,0.785
120685-18-9,120685-14-5,0.704
120685-18-9,120685-45-2,0.81
120685-18-9,120685-33-8,0.772
120685-18-9,120685-27-0,0.695
120685-18-9,120685-21-4,0.694
120685-18-9,120685-47-4,0.79
120685-18-9,120685-46-3,0.87
120685-18-9,120685-39-4,0.674
120685-18-9,120685-38-3,0.759
120685-18-9,120685-37-2,0.704
120685-18-9,120685-24-7,0.651
120685-18-9,120685-50-9,0.672
120685-18-9,120685-43-0,0.803
120685-18-9,120685-42-9,0.746
120685-18-9,120685-41-8,0.785
120685-18-9,120685-35-0,0.689
120685-18-9,120685-32-7,0.646
120685-18-9,120685-29-2,0.629
120685-18-9,120685-49-6,0.669
120685-18-9,120685-48-5,0.727
120685-18-9,120685-40-7,0.754
120685-18-9,120685-36-1,0.648
120685-18-9,120685-34-9,0.573
120685-18-9,120685-31-6,0.606
120685-18-9,120685-30-5,0.606
120685-18-9,120685-25-8,0.667
120685-18-9,120685-23-6,0.705
120685-18-9,120685-19-0,0.688
120685-18-9,120751-44-2,0.797
120685-18-9,120685-26-9,0.615
120685-18-9,120685-28-1,0.595
120685-13-4,120685-12-3,0.784
120685-13-4,120685-22-5,0.728
120685-13-4,120685-15-6,0.696
120685-13-4,120685-44-1,0.75
120685-13-4,120685-16-7,0.725
120685-13-4,120685-14-5,0.759
120685-13-4,120685-45-2,0.763
120685-13-4,120685-33-8,0.821
120685-13-4,120685-27-0,0.769
120685-13-4,120685-21-4,0.75
120685-13-4,120685-47-4,0.759
120685-13-4,120685-46-3,0.731
120685-13-4,120685-39-4,0.816
120685-13-4,120685-38-3,0.822
120685-13-4,120685-37-2,0.744
120685-13-4,120685-24-7,0.716
120685-13-4,120685-50-9,0.726
120685-13-4,120685-43-0,0.757
120685-13-4,120685-42-9,0.744
120685-13-4,120685-41-8,0.725
120685-13-4,120685-35-0,0.745
120685-13-4,120685-32-7,0.695
120685-13-4,120685-29-2,0.675
120685-13-4,120685-49-6,0.722
120685-13-4,120685-48-5,0.802
120685-13-4,120685-40-7,0.784
120685-13-4,120685-36-1,0.683
120685-13-4,120685-34-9,0.612
120685-13-4,120685-31-6,0.648
120685-13-4,120685-30-5,0.648
120685-13-4,120685-25-8,0.719
120685-13-4,120685-23-6,0.761
120685-13-4,120685-19-0,0.739
120685-13-4,120751-44-2,0.75
120685-13-4,120685-26-9,0.679
120685-13-4,120685-28-1,0.641
120685-12-3,120685-22-5,0.743
120685-12-3,120685-15-6,0.724
120685-12-3,120685-44-1,0.781
120685-12-3,120685-16-7,0.769
120685-12-3,120685-14-5,0.759
120685-12-3,120685-45-2,0.779
120685-12-3,120685-33-8,0.838
120685-12-3,120685-27-0,0.752
120685-12-3,120685-21-4,0.75
120685-12-3,120685-47-4,0.759
120685-12-3,120685-46-3,0.746
120685-12-3,120685-39-4,0.725
120685-12-3,120685-38-3,0.822
120685-12-3,120685-37-2,0.759
120685-12-3,120685-24-7,0.701
120685-12-3,120685-50-9,0.726
120685-12-3,120685-43-0,0.772
120685-12-3,120685-42-9,0.759
120685-12-3,120685-41-8,0.754
120685-12-3,120685-35-0,0.745
120685-12-3,120685-32-7,0.709
120685-12-3,120685-29-2,0.675
120685-12-3,120685-49-6,0.722
120685-12-3,120685-48-5,0.77
120685-12-3,120685-40-7,0.868
120685-12-3,120685-36-1,0.683
120685-12-3,120685-34-9,0.612
120685-12-3,120685-31-6,0.648
120685-12-3,120685-30-5,0.648
120685-12-3,120685-25-8,0.735
120685-12-3,120685-23-6,0.761
120685-12-3,120685-19-0,0.754
120685-12-3,120751-44-2,0.765
120685-12-3,120685-26-9,0.664
120685-12-3,120685-28-1,0.641
120685-22-5,120685-15-6,0.661
120685-22-5,120685-44-1,0.712
120685-22-5,120685-16-7,0.689
120685-22-5,120685-14-5,0.72
120685-22-5,120685-45-2,0.724
120685-22-5,120685-33-8,0.778
120685-22-5,120685-27-0,0.845
120685-22-5,120685-21-4,0.893
120685-22-5,120685-47-4,0.706
120685-22-5,120685-46-3,0.694
120685-22-5,120685-39-4,0.689
120685-22-5,120685-38-3,0.764
120685-22-5,120685-37-2,0.72
120685-22-5,120685-24-7,0.8
120685-22-5,120685-50-9,0.748
120685-22-5,120685-43-0,0.718
120685-22-5,120685-42-9,0.706
120685-22-5,120685-41-8,0.702
120685-22-5,120685-35-0,0.752
120685-22-5,120685-32-7,0.777
120685-22-5,120685-29-2,0.752
120685-22-5,120685-49-6,0.807
120685-22-5,120685-48-5,0.73
120685-22-5,120685-40-7,0.743
120685-22-5,120685-36-1,0.689
120685-22-5,120685-34-9,0.629
120685-22-5,120685-31-6,0.721
120685-22-5,120685-30-5,0.721
120685-22-5,120685-25-8,0.806
120685-22-5,120685-23-6,0.737
120685-22-5,120685-19-0,0.689
120685-22-5,120751-44-2,0.726
120685-22-5,120685-26-9,0.67
120685-22-5,120685-28-1,0.661
120685-15-6,120685-44-1,0.764
120685-15-6,120685-16-7,0.811
120685-15-6,120685-14-5,0.69
120685-15-6,120685-45-2,0.777
120685-15-6,120685-33-8,0.739
120685-15-6,120685-27-0,0.667
120685-15-6,120685-21-4,0.667
120685-15-6,120685-47-4,0.758
120685-15-6,120685-46-3,0.833
120685-15-6,120685-39-4,0.649
120685-15-6,120685-38-3,0.727
120685-15-6,120685-37-2,0.677
120685-15-6,120685-24-7,0.626
120685-15-6,120685-50-9,0.646
120685-15-6,120685-43-0,0.77
120685-15-6,120685-42-9,0.717
120685-15-6,120685-41-8,0.811
120685-15-6,120685-35-0,0.661
120685-15-6,120685-32-7,0.621
120685-15-6,120685-29-2,0.606
120685-15-6,120685-49-6,0.643
120685-15-6,120685-48-5,0.712
120685-15-6,120685-40-7,0.724
120685-15-6,120685-36-1,0.624
120685-15-6,120685-34-9,0.565
120685-15-6,120685-31-6,0.585
120685-15-6,120685-30-5,0.585
120685-15-6,120685-25-8,0.641
120685-15-6,120685-23-6,0.677
120685-15-6,120685-19-0,0.662
120685-15-6,120751-44-2,0.764
120685-15-6,120685-26-9,0.591
120685-15-6,120685-28-1,0.573
120685-44-1,120685-16-7,0.843
120685-44-1,120685-14-5,0.727
120685-44-1,120685-45-2,0.873
120685-44-1,120685-33-8,0.8
120685-44-1,120685-27-0,0.719
120685-44-1,120685-21-4,0.718
120685-44-1,120685-47-4,0.85
120685-44-1,120685-46-3,0.835
120685-44-1,120685-39-4,0.696
120685-44-1,120685-38-3,0.786
120685-44-1,120685-37-2,0.727
120685-44-1,120685-24-7,0.672
120685-44-1,120685-50-9,0.695
120685-44-1,120685-43-0,0.865
120685-44-1,120685-42-9,0.771
120685-44-1,120685-41-8,0.797
120685-44-1,120685-35-0,0.713
120685-44-1,120685-32-7,0.667
120685-44-1,120685-29-2,0.648
120685-44-1,120685-49-6,0.692
120685-44-1,120685-48-5,0.752
120685-44-1,120685-40-7,0.781
120685-44-1,120685-36-1,0.656
120685-44-1,120685-34-9,0.59
120685-44-1,120685-31-6,0.624
120685-44-1,120685-30-5,0.624
120685-44-1,120685-25-8,0.689
120685-44-1,120685-23-6,0.729
120685-44-1,120685-19-0,0.71
120685-44-1,120751-44-2,0.857
120685-44-1,120685-26-9,0.636
120685-44-1,120685-28-1,0.615
120685-16-7,120685-14-5,0.704
120685-16-7,120685-45-2,0.81
120685-16-7,120685-33-8,0.788
120685-16-7,120685-27-0,0.695
120685-16-7,120685-21-4,0.694
120685-16-7,120685-47-4,0.79
120685-16-7,120685-46-3,0.777
120685-16-7,120685-39-4,0.674
120685-16-7,120685-38-3,0.759
120685-16-7,120685-37-2,0.704
120685-16-7,120685-24-7,0.651
120685-16-7,120685-50-9,0.672
120685-16-7,120685-43-0,0.803
120685-16-7,120685-42-9,0.746
120685-16-7,120685-41-8,0.846
120685-16-7,120685-35-0,0.689
120685-16-7,120685-32-7,0.646
120685-16-7,120685-29-2,0.629
120685-16-7,120685-49-6,0.669
120685-16-7,120685-48-5,0.742
120685-16-7,120685-40-7,0.754
120685-16-7,120685-36-1,0.636
120685-16-7,120685-34-9,0.585
120685-16-7,120685-31-6,0.606
120685-16-7,120685-30-5,0.606
120685-16-7,120685-25-8,0.667
120685-16-7,120685-23-6,0.705
120685-16-7,120685-19-0,0.688
120685-16-7,120751-44-2,0.797
120685-16-7,120685-26-9,0.615
120685-16-7,120685-28-1,0.595
120685-14-5,120685-45-2,0.754
120685-14-5,120685-33-8,0.793
120685-14-5,120685-27-0,0.713
120685-14-5,120685-21-4,0.726
120685-14-5,120685-47-4,0.736
120685-14-5,120685-46-3,0.71
120685-14-5,120685-39-4,0.718
120685-14-5,120685-38-3,0.795
120685-14-5,120685-37-2,0.75
120685-14-5,120685-24-7,0.694
120685-14-5,120685-50-9,0.718
120685-14-5,120685-43-0,0.733
120685-14-5,120685-42-9,0.721
120685-14-5,120685-41-8,0.704
120685-14-5,120685-35-0,0.707
120685-14-5,120685-32-7,0.661
120685-14-5,120685-29-2,0.656
120685-14-5,120685-49-6,0.686
120685-14-5,120685-48-5,0.761
120685-14-5,120685-40-7,0.759
120685-14-5,120685-36-1,0.651
120685-14-5,120685-34-9,0.586
120685-14-5,120685-31-6,0.632
120685-14-5,120685-30-5,0.632
120685-14-5,120685-25-8,0.683
120685-14-5,120685-23-6,0.737
120685-14-5,120685-19-0,0.76
120685-14-5,120751-44-2,0.742
120685-14-5,120685-26-9,0.63
120685-14-5,120685-28-1,0.61
120685-45-2,120685-33-8,0.815
120685-45-2,120685-27-0,0.732
120685-45-2,120685-21-4,0.73
120685-45-2,120685-47-4,0.865
120685-45-2,120685-46-3,0.85
120685-45-2,120685-39-4,0.707
120685-45-2,120685-38-3,0.8
120685-45-2,120685-37-2,0.739
120685-45-2,120685-24-7,0.683
120685-45-2,120685-50-9,0.707
120685-45-2,120685-43-0,0.881
120685-45-2,120685-42-9,0.8
120685-45-2,120685-41-8,0.842
120685-45-2,120685-35-0,0.726
120685-45-2,120685-32-7,0.678
120685-45-2,120685-29-2,0.659
120685-45-2,120685-49-6,0.703
120685-45-2,120685-48-5,0.765
120685-45-2,120685-40-7,0.795
120685-45-2,120685-36-1,0.667
120685-45-2,120685-34-9,0.599
120685-45-2,120685-31-6,0.634
120685-45-2,120685-30-5,0.634
120685-45-2,120685-25-8,0.701
120685-45-2,120685-23-6,0.741
120685-45-2,120685-19-0,0.721
120685-45-2,120751-44-2,0.873
120685-45-2,120685-26-9,0.647
120685-45-2,120685-28-1,0.625
120685-33-8,120685-27-0,0.788
120685-33-8,120685-21-4,0.785
120685-33-8,120685-47-4,0.793
120685-33-8,120685-46-3,0.779
120685-33-8,120685-39-4,0.757
120685-33-8,120685-38-3,0.863
120685-33-8,120685-37-2,0.793
120685-33-8,120685-24-7,0.732
120685-33-8,120685-50-9,0.776
120685-33-8,120685-43-0,0.807
120685-33-8,120685-42-9,0.793
120685-33-8,120685-41-8,0.772
120685-33-8,120685-35-0,0.781
120685-33-8,120685-32-7,0.726
120685-33-8,120685-29-2,0.703
120685-33-8,120685-49-6,0.755
120685-33-8,120685-48-5,0.806
120685-33-8,120685-40-7,0.838
120685-33-8,120685-36-1,0.713
120685-33-8,120685-34-9,0.636
120685-33-8,120685-31-6,0.675
120685-33-8,120685-30-5,0.675
120685-33-8,120685-25-8,0.752
120685-33-8,120685-23-6,0.796
120685-33-8,120685-19-0,0.772
120685-33-8,120751-44-2,0.8
120685-33-8,120685-26-9,0.694
120685-33-8,120685-28-1,0.67
120685-27-0,120685-21-4,0.853
120685-27-0,120685-47-4,0.713
120685-27-0,120685-46-3,0.701
120685-27-0,120685-39-4,0.724
120685-27-0,120685-38-3,0.774
120685-27-0,120685-37-2,0.713
120685-27-0,120685-24-7,0.829
120685-27-0,120685-50-9,0.774
120685-27-0,120685-43-0,0.726
120685-27-0,120685-42-9,0.713
120685-27-0,120685-41-8,0.695
120685-27-0,120685-35-0,0.796
120685-27-0,120685-32-7,0.821
120685-27-0,120685-29-2,0.793
120685-27-0,120685-49-6,0.837
120685-27-0,120685-48-5,0.755
120685-27-0,120685-40-7,0.752
120685-27-0,120685-36-1,0.726
120685-27-0,120685-34-9,0.646
120685-27-0,120685-31-6,0.759
120685-27-0,120685-30-5,0.759
120685-27-0,120685-25-8,0.853
120685-27-0,120685-23-6,0.745
120685-27-0,120685-19-0,0.695
120685-27-0,120751-44-2,0.719
120685-27-0,120685-26-9,0.724
120685-27-0,120685-28-1,0.713
120685-21-4,120685-47-4,0.726
120685-21-4,120685-46-3,0.7
120685-21-4,120685-39-4,0.708
120685-21-4,120685-38-3,0.787
120685-21-4,120685-37-2,0.712
120685-21-4,120685-24-7,0.791
120685-21-4,120685-50-9,0.739
120685-21-4,120685-43-0,0.724
120685-21-4,120685-42-9,0.712
120685-21-4,120685-41-8,0.708
120685-21-4,120685-35-0,0.759
120685-21-4,120685-32-7,0.784
120685-21-4,120685-29-2,0.759
120685-21-4,120685-49-6,0.815
120685-21-4,120685-48-5,0.722
120685-21-4,120685-40-7,0.75
120685-21-4,120685-36-1,0.695
120685-21-4,120685-34-9,0.634
120685-21-4,120685-31-6,0.727
120685-21-4,120685-30-5,0.727
120685-21-4,120685-25-8,0.813
120685-21-4,120685-23-6,0.759
120685-21-4,120685-19-0,0.708
120685-21-4,120751-44-2,0.718
120685-21-4,120685-26-9,0.676
120685-21-4,120685-28-1,0.667
120685-47-4,120685-46-3,0.828
120685-47-4,120685-39-4,0.704
120685-47-4,120685-38-3,0.795
120685-47-4,120685-37-2,0.721
120685-47-4,120685-24-7,0.667
120685-47-4,120685-50-9,0.689
120685-47-4,120685-43-0,0.857
120685-47-4,120685-42-9,0.765
120685-47-4,120685-41-8,0.79
120685-47-4,120685-35-0,0.707
120685-47-4,120685-32-7,0.661
120685-47-4,120685-29-2,0.643
120685-47-4,120685-49-6,0.686
120685-47-4,120685-48-5,0.746
120685-47-4,120685-40-7,0.774
120685-47-4,120685-36-1,0.651
120685-47-4,120685-34-9,0.586
120685-47-4,120685-31-6,0.619
120685-47-4,120685-30-5,0.619
120685-47-4,120685-25-8,0.683
120685-47-4,120685-23-6,0.737
120685-47-4,120685-19-0,0.732
120685-47-4,120751-44-2,0.866
120685-47-4,120685-26-9,0.63
120685-47-4,120685-28-1,0.61
120685-46-3,120685-39-4,0.68
120685-46-3,120685-38-3,0.765
120685-46-3,120685-37-2,0.71
120685-46-3,120685-24-7,0.656
120685-46-3,120685-50-9,0.678
120685-46-3,120685-43-0,0.842
120685-46-3,120685-42-9,0.752
120685-46-3,120685-41-8,0.777
120685-46-3,120685-35-0,0.695
120685-46-3,120685-32-7,0.651
120685-46-3,120685-29-2,0.646
120685-46-3,120685-49-6,0.675
120685-46-3,120685-48-5,0.733
120685-46-3,120685-40-7,0.761
120685-46-3,120685-36-1,0.654
120685-46-3,120685-34-9,0.577
120685-46-3,120685-31-6,0.622
120685-46-3,120685-30-5,0.622
120685-46-3,120685-25-8,0.672
120685-46-3,120685-23-6,0.711
120685-46-3,120685-19-0,0.693
120685-46-3,120751-44-2,0.835
120685-46-3,120685-26-9,0.62
120685-46-3,120685-28-1,0.6
120685-39-4,120685-38-3,0.759
120685-39-4,120685-37-2,0.69
120685-39-4,120685-24-7,0.664
120685-39-4,120685-50-9,0.672
120685-39-4,120685-43-0,0.702
120685-39-4,120685-42-9,0.69
120685-39-4,120685-41-8,0.674
120685-39-4,120685-35-0,0.689
120685-39-4,120685-32-7,0.672
120685-39-4,120685-29-2,0.641
120685-39-4,120685-49-6,0.683
120685-39-4,120685-48-5,0.742
120685-39-4,120685-40-7,0.725
120685-39-4,120685-36-1,0.636
120685-39-4,120685-34-9,0.573
120685-39-4,120685-31-6,0.618
120685-39-4,120685-30-5,0.618
120685-39-4,120685-25-8,0.737
120685-39-4,120685-23-6,0.705
120685-39-4,120685-19-0,0.688
120685-39-4,120751-44-2,0.696
120685-39-4,120685-26-9,0.628
120685-39-4,120685-28-1,0.608
120685-38-3,120685-37-2,0.827
120685-38-3,120685-24-7,0.719
120685-38-3,120685-50-9,0.761
120685-38-3,120685-43-0,0.793
120685-38-3,120685-42-9,0.779
120685-38-3,120685-41-8,0.759
120685-38-3,120685-35-0,0.766
120685-38-3,120685-32-7,0.713
120685-38-3,120685-29-2,0.692
120685-38-3,120685-49-6,0.741
120685-38-3,120685-48-5,0.791
120685-38-3,120685-40-7,0.822
120685-38-3,120685-36-1,0.701
120685-38-3,120685-34-9,0.626
120685-38-3,120685-31-6,0.664
120685-38-3,120685-30-5,0.664
120685-38-3,120685-25-8,0.739
120685-38-3,120685-23-6,0.798
120685-38-3,120685-19-0,0.774
120685-38-3,120751-44-2,0.786
120685-38-3,120685-26-9,0.682
120685-38-3,120685-28-1,0.658
120685-37-2,120685-24-7,0.694
120685-37-2,120685-50-9,0.718
120685-37-2,120685-43-0,0.748
120685-37-2,120685-42-9,0.721
120685-37-2,120685-41-8,0.704
120685-37-2,120685-35-0,0.707
120685-37-2,120685-32-7,0.675
120685-37-2,120685-29-2,0.643
120685-37-2,120685-49-6,0.686
120685-37-2,120685-48-5,0.761
120685-37-2,120685-40-7,0.759
120685-37-2,120685-36-1,0.651
120685-37-2,120685-34-9,0.586
120685-37-2,120685-31-6,0.619
120685-37-2,120685-30-5,0.619
120685-37-2,120685-25-8,0.683
120685-37-2,120685-23-6,0.723
120685-37-2,120685-19-0,0.704
120685-37-2,120751-44-2,0.742
120685-37-2,120685-26-9,0.63
120685-37-2,120685-28-1,0.636
120685-24-7,120685-50-9,0.75
120685-24-7,120685-43-0,0.678
120685-24-7,120685-42-9,0.667
120685-24-7,120685-41-8,0.651
120685-24-7,120685-35-0,0.739
120685-24-7,120685-32-7,0.763
120685-24-7,120685-29-2,0.725
120685-24-7,120685-49-6,0.777
120685-24-7,120685-48-5,0.718
120685-24-7,120685-40-7,0.701
120685-24-7,120685-36-1,0.678
120685-24-7,120685-34-9,0.607
120685-24-7,120685-31-6,0.696
120685-24-7,120685-30-5,0.696
120685-24-7,120685-25-8,0.791
120685-24-7,120685-23-6,0.695
120685-24-7,120685-19-0,0.651
120685-24-7,120751-44-2,0.686
120685-24-7,120685-26-9,0.658
120685-24-7,120685-28-1,0.65
120685-50-9,120685-43-0,0.701
120685-50-9,120685-42-9,0.689
120685-50-9,120685-41-8,0.672
120685-50-9,120685-35-0,0.766
120685-50-9,120685-32-7,0.713
120685-50-9,120685-29-2,0.678
120685-50-9,120685-49-6,0.726
120685-50-9,120685-48-5,0.743
120685-50-9,120685-40-7,0.726
120685-50-9,120685-36-1,0.701
120685-50-9,120685-34-9,0.626
120685-50-9,120685-31-6,0.651
120685-50-9,120685-30-5,0.651
120685-50-9,120685-25-8,0.739
120685-50-9,120685-23-6,0.719
120685-50-9,120685-19-0,0.672
120685-50-9,120751-44-2,0.709
120685-50-9,120685-26-9,0.682
120685-50-9,120685-28-1,0.658
120685-43-0,120685-42-9,0.778
120685-43-0,120685-41-8,0.803
120685-43-0,120685-35-0,0.719
120685-43-0,120685-32-7,0.672
120685-43-0,120685-29-2,0.654
120685-43-0,120685-49-6,0.697
120685-43-0,120685-48-5,0.759
120685-43-0,120685-40-7,0.788
120685-43-0,120685-36-1,0.661
120685-43-0,120685-34-9,0.594
120685-43-0,120685-31-6,0.629
120685-43-0,120685-30-5,0.629
120685-43-0,120685-25-8,0.695
120685-43-0,120685-23-6,0.735
120685-43-0,120685-19-0,0.715
120685-43-0,120751-44-2,0.865
120685-43-0,120685-26-9,0.641
120685-43-0,120685-28-1,0.62
120685-42-9,120685-41-8,0.76
120685-42-9,120685-35-0,0.737
120685-42-9,120685-32-7,0.661
120685-42-9,120685-29-2,0.669
120685-42-9,120685-49-6,0.7
120685-42-9,120685-48-5,0.731
120685-42-9,120685-40-7,0.774
120685-42-9,120685-36-1,0.664
120685-42-9,120685-34-9,0.597
120685-42-9,120685-31-6,0.644
120685-42-9,120685-30-5,0.644
120685-42-9,120685-25-8,0.683
120685-42-9,120685-23-6,0.737
120685-42-9,120685-19-0,0.704
120685-42-9,120751-44-2,0.771
120685-42-9,120685-26-9,0.63
120685-42-9,120685-28-1,0.61
120685-41-8,120685-35-0,0.689
120685-41-8,120685-32-7,0.646
120685-41-8,120685-29-2,0.629
120685-41-8,120685-49-6,0.669
120685-41-8,120685-48-5,0.756
120685-41-8,120685-40-7,0.754
120685-41-8,120685-36-1,0.636
120685-41-8,120685-34-9,0.585
120685-41-8,120685-31-6,0.606
120685-41-8,120685-30-5,0.606
120685-41-8,120685-25-8,0.667
120685-41-8,120685-23-6,0.705
120685-41-8,120685-19-0,0.688
120685-41-8,120751-44-2,0.797
120685-41-8,120685-26-9,0.615
120685-41-8,120685-28-1,0.595
120685-35-0,120685-32-7,0.732
120685-35-0,120685-29-2,0.695
120685-35-0,120685-49-6,0.745
120685-35-0,120685-48-5,0.732
120685-35-0,120685-40-7,0.745
120685-35-0,120685-36-1,0.815
120685-35-0,120685-34-9,0.721
120685-35-0,120685-31-6,0.667
120685-35-0,120685-30-5,0.667
120685-35-0,120685-25-8,0.759
120685-35-0,120685-23-6,0.739
120685-35-0,120685-19-0,0.689
120685-35-0,120751-44-2,0.713
120685-35-0,120685-26-9,0.701
120685-35-0,120685-28-1,0.676
120685-32-7,120685-29-2,0.719
120685-32-7,120685-49-6,0.77
120685-32-7,120685-48-5,0.683
120685-32-7,120685-40-7,0.695
120685-32-7,120685-36-1,0.672
120685-32-7,120685-34-9,0.603
120685-32-7,120685-31-6,0.69
120685-32-7,120685-30-5,0.69
120685-32-7,120685-25-8,0.784
120685-32-7,120685-23-6,0.689
120685-32-7,120685-19-0,0.646
120685-32-7,120751-44-2,0.667
120685-32-7,120685-26-9,0.652
120685-32-7,120685-28-1,0.658
120685-29-2,120685-49-6,0.823
120685-29-2,120685-48-5,0.664
120685-29-2,120685-40-7,0.675
120685-29-2,120685-36-1,0.654
120685-29-2,120685-34-9,0.577
120685-29-2,120685-31-6,0.904
120685-29-2,120685-30-5,0.904
120685-29-2,120685-25-8,0.744
120685-29-2,120685-23-6,0.683
120685-29-2,120685-19-0,0.629
120685-29-2,120751-44-2,0.648
120685-29-2,120685-26-9,0.62
120685-29-2,120685-28-1,0.626
120685-49-6,120685-48-5,0.709
120685-49-6,120685-40-7,0.722
120685-49-6,120685-36-1,0.683
120685-49-6,120685-34-9,0.612
120685-49-6,120685-31-6,0.788
120685-49-6,120685-30-5,0.788
120685-49-6,120685-25-8,0.798
120685-49-6,120685-23-6,0.746
120685-49-6,120685-19-0,0.669
120685-49-6,120751-44-2,0.692
120685-49-6,120685-26-9,0.664
120685-49-6,120685-28-1,0.655
120685-48-5,120685-40-7,0.77
120685-48-5,120685-36-1,0.672
120685-48-5,120685-34-9,0.603
120685-48-5,120685-31-6,0.638
120685-48-5,120685-30-5,0.638
120685-48-5,120685-25-8,0.707
120685-48-5,120685-23-6,0.733
120685-48-5,120685-19-0,0.713
120685-48-5,120751-44-2,0.767
120685-48-5,120685-26-9,0.667
120685-48-5,120685-28-1,0.63
120685-40-7,120685-36-1,0.683
120685-40-7,120685-34-9,0.612
120685-40-7,120685-31-6,0.648
120685-40-7,120685-30-5,0.648
120685-40-7,120685-25-8,0.735
120685-40-7,120685-23-6,0.761
120685-40-7,120685-19-0,0.754
120685-40-7,120751-44-2,0.781
120685-40-7,120685-26-9,0.664
120685-40-7,120685-28-1,0.641
120685-36-1,120685-34-9,0.692
120685-36-1,120685-31-6,0.629
120685-36-1,120685-30-5,0.629
120685-36-1,120685-25-8,0.709
120685-36-1,120685-23-6,0.678
120685-36-1,120685-19-0,0.636
120685-36-1,120751-44-2,0.669
120685-36-1,120685-26-9,0.641
120685-36-1,120685-28-1,0.62
120685-34-9,120685-31-6,0.568
120685-34-9,120685-30-5,0.568
120685-34-9,120685-25-8,0.634
120685-34-9,120685-23-6,0.607
120685-34-9,120685-19-0,0.585
120685-34-9,120751-44-2,0.59
120685-34-9,120685-26-9,0.585
120685-34-9,120685-28-1,0.567
120685-31-6,120685-30-5,1.0
120685-31-6,120685-25-8,0.713
120685-31-6,120685-23-6,0.656
120685-31-6,120685-19-0,0.606
120685-31-6,120751-44-2,0.624
120685-31-6,120685-26-9,0.595
120685-31-6,120685-28-1,0.602
120685-30-5,120685-25-8,0.713
120685-30-5,120685-23-6,0.656
120685-30-5,120685-19-0,0.606
120685-30-5,120751-44-2,0.624
120685-30-5,120685-26-9,0.595
120685-30-5,120685-28-1,0.602
120685-25-8,120685-23-6,0.713
120685-25-8,120685-19-0,0.68
120685-25-8,120751-44-2,0.689
120685-25-8,120685-26-9,0.676
120685-25-8,120685-28-1,0.667
120685-23-6,120685-19-0,0.719
120685-23-6,120751-44-2,0.729
120685-23-6,120685-26-9,0.673
120685-23-6,120685-28-1,0.636
120685-19-0,120751-44-2,0.724
120685-19-0,120685-26-9,0.615
120685-19-0,120685-28-1,0.595
120751-44-2,120685-26-9,0.636
120751-44-2,120685-28-1,0.615
120685-26-9,120685-28-1,0.838
